id,username,firstname,lastname,email,created_at
1,roytodd,Julie,Wade,leeryan@example.net,2023-07-13 01:55:04
2,ryanbrown,Jacob,Oconnor,pjoseph@example.net,2022-12-11 04:09:33
3,haroldallen,Natasha,Oneill,mandysmith@example.net,2023-01-18 00:33:17
4,zoecook,Julie,Lopez,cliu@example.com,2023-04-11 11:25:51
5,stevengarza,Randy,Medina,eric29@example.com,2023-07-06 10:56:48
6,morristrevor,Ryan,Lucas,justincarr@example.com,2023-02-10 00:58:55
7,willisharold,Abigail,Fisher,kaufmanvictoria@example.org,2022-09-12 07:26:58
8,stevenanderson,Stephen,Smith,wpena@example.org,2023-05-10 01:32:09
9,margaretlewis,Barbara,Bryant,markgonzalez@example.com,2022-11-19 21:08:10
10,johnsonmichael,Sandra,Anderson,charles55@example.org,2022-12-28 14:14:43
11,kleinmanuel,Mark,Callahan,jmann@example.com,2023-05-12 12:47:41
12,sandy86,Jennifer,Phillips,jacob57@example.org,2023-06-07 11:19:57
13,cohenandrew,Kelly,Ramirez,scott40@example.net,2023-05-09 07:25:37
14,cody10,Joseph,Simmons,faithnelson@example.net,2023-03-12 08:43:48
15,brenda06,Vincent,Martinez,johnsonjessica@example.org,2022-08-17 20:07:24
16,gbradford,Vincent,Johnson,williamsjohn@example.net,2022-12-23 12:59:37
17,brittanyjones,Thomas,Curry,pameladominguez@example.net,2023-07-01 20:54:17
18,jonesdana,Sara,Luna,tonyaandrews@example.net,2022-11-06 13:39:07
19,samantha84,Brandon,Hammond,dtanner@example.org,2022-10-28 20:07:35
20,ronnieanderson,Scott,Ashley,fchambers@example.com,2022-12-28 18:51:42
21,kellyjonathan,Nathaniel,Medina,matthew03@example.com,2023-06-20 17:53:29
22,ginafowler,Claire,Hansen,vmoore@example.net,2023-01-07 19:01:18
23,gonzalezmichael,Kelly,Carpenter,bradytrujillo@example.com,2023-07-13 23:20:36
24,coryyates,Sophia,Rios,riversbrandon@example.com,2022-09-26 18:49:10
25,whill,Ryan,Porter,stewartamanda@example.com,2022-11-08 18:31:28
26,fblair,Lisa,Massey,makayla85@example.org,2023-04-04 01:53:45
27,maryclark,Nicole,Valencia,trevinojacob@example.org,2022-08-05 06:37:15
28,houstonsharon,Morgan,Parks,dana30@example.org,2023-05-02 21:57:06
29,angela03,Brian,Choi,jessicabrennan@example.com,2022-11-29 02:28:48
30,kimberly53,Scott,Castillo,james41@example.com,2023-02-06 07:32:32
31,conniebarber,Justin,Rhodes,ythomas@example.com,2023-05-16 22:53:32
32,mhill,Danielle,Day,courtney62@example.net,2023-02-01 01:46:31
33,stephanie68,Chase,Wilson,mrichmond@example.com,2023-05-08 14:24:44
34,scallahan,Kathleen,Walter,frederickmoore@example.com,2022-12-09 18:38:38
35,ethanthompson,Julie,Guzman,marshallnicholas@example.org,2023-04-29 14:54:30
36,rickysexton,Heidi,Cohen,martinstevenson@example.com,2022-08-25 07:04:03
37,burnettcristian,Thomas,Clark,kimberlynicholson@example.com,2022-11-19 04:07:44
38,sharon35,Michael,Cross,patrickguzman@example.com,2022-09-08 22:27:03
39,eliu,Sherry,Lewis,kpadilla@example.net,2023-07-06 01:00:02
40,joseph94,Luis,Haley,scottdavis@example.org,2023-01-06 06:18:58
41,woodstaylor,Christopher,Reed,russellchelsea@example.net,2023-01-10 00:47:25
42,paula53,Michael,Turner,kruegermelissa@example.org,2022-10-17 17:09:11
43,scottjessica,Russell,Anderson,kwright@example.org,2023-06-09 02:18:03
44,coleryan,Michael,Crawford,lschneider@example.org,2022-10-28 18:43:52
45,johnsonkatherine,Robert,Gallegos,brayluis@example.com,2023-01-02 08:21:45
46,pdavis,Ronnie,Carpenter,bethany91@example.org,2023-02-07 06:26:00
47,qsmith,Micheal,Baker,brandyellis@example.org,2023-04-18 13:45:04
48,xharvey,Andrew,Mccoy,cathybennett@example.net,2023-04-19 14:57:23
49,gomezrachel,Jennifer,Eaton,raymond46@example.org,2022-09-28 13:56:51
50,xkennedy,Craig,Miller,taylormarie@example.org,2022-11-26 10:26:23
51,carrillopatricia,Kendra,Patel,shester@example.net,2023-06-09 03:35:49
52,zdavis,Melissa,Hicks,whitney03@example.org,2023-05-24 11:00:06
53,laurenmendez,Karen,Stephens,ericcalhoun@example.net,2022-09-06 18:46:10
54,johnward,Cameron,Knight,juliemcpherson@example.net,2023-03-02 10:06:14
55,ashleywilson,Jennifer,Johnson,brandonmarquez@example.org,2023-07-07 17:08:09
56,kmoreno,Pam,Woodward,ralphharmon@example.com,2023-02-21 19:27:40
57,valeriefrederick,Timothy,Miller,rmccoy@example.org,2022-11-03 10:27:47
58,tracyparsons,Maxwell,Walker,yjones@example.net,2022-08-17 06:13:04
59,thompsonhaley,Dawn,Wood,jamie57@example.org,2023-02-25 05:25:34
60,sharonwilcox,Samantha,Ray,smoore@example.net,2022-08-28 23:45:01
61,brownmegan,Karina,Mayo,palmerdean@example.net,2022-10-23 20:53:11
62,mariah54,Aaron,Campbell,galexander@example.org,2022-08-17 06:19:54
63,stephaniehenry,Brittany,Larson,marshallkaren@example.org,2022-11-09 05:35:32
64,qbuchanan,Erica,Hunter,robert36@example.net,2023-07-16 12:47:22
65,jgardner,Judith,Banks,ashleywatson@example.net,2022-09-16 08:32:11
66,jacobmcgee,Benjamin,Moreno,hughesrenee@example.org,2023-01-27 20:08:24
67,chelseywarren,Daniel,Oliver,feliciavega@example.net,2022-11-08 05:30:06
68,gregory92,April,Gallagher,amandarodriguez@example.com,2022-08-16 01:29:36
69,ftaylor,Mason,Gutierrez,ccarter@example.net,2023-02-24 13:23:29
70,ntorres,Jason,Nash,tcrawford@example.com,2023-02-02 06:56:55
71,hollyrodriguez,Jason,Robinson,levinejustin@example.org,2023-04-25 07:59:39
72,butlerruth,Alexis,Holland,changmatthew@example.org,2023-01-08 07:15:32
73,richard63,Raymond,Mitchell,joanna73@example.net,2023-04-11 11:14:46
74,carlwhite,Cathy,David,whitneyjoseph@example.net,2022-11-09 02:58:57
75,kellystewart,Sean,Ortega,jasondelacruz@example.net,2022-09-03 03:45:12
76,claudia78,David,Miller,tjarvis@example.net,2022-09-12 16:39:51
77,ddavis,Nathan,Espinoza,ygill@example.org,2023-05-21 07:15:13
78,yharris,Karen,Hughes,hallwilliam@example.net,2023-05-12 03:28:03
79,jacksonthomas,Valerie,Garcia,zmoore@example.net,2023-07-08 04:01:13
80,cherylcastro,Chad,Walker,kjohnson@example.org,2023-04-13 22:41:46
81,obowman,Christopher,Flynn,pbrooks@example.com,2022-11-30 20:49:51
82,cburton,Roberta,Thomas,yoneal@example.net,2022-12-17 03:48:13
83,ritastanley,Timothy,Crosby,amyadams@example.com,2022-12-26 07:02:57
84,marshallryan,Philip,Spencer,hendricksbrian@example.com,2022-11-20 16:45:17
85,waltonjason,Robert,Waller,matthewhampton@example.net,2022-10-14 22:55:49
86,vanderson,Robert,Wheeler,willismary@example.com,2023-06-07 17:48:31
87,jsmith,David,Graham,lindsaywarren@example.org,2022-09-01 22:09:16
88,chad95,Richard,Pena,imorrison@example.com,2022-11-05 09:03:12
89,hharper,Keith,Williams,scottbrian@example.net,2023-07-11 07:26:46
90,harrissheila,Christopher,Burns,uyoung@example.net,2023-03-30 06:42:36
91,nicolefranklin,Deanna,Berry,georgewebb@example.net,2023-04-16 20:14:03
92,deannamurphy,Andrea,Martinez,rosarioanita@example.com,2023-02-21 10:54:27
93,balljames,Melissa,Morgan,vgonzalez@example.com,2023-03-08 02:26:55
94,pmontes,Jeffrey,Ortega,kirkjeremy@example.org,2022-07-29 19:12:10
95,haleywilliams,Emily,Huffman,erikaramsey@example.org,2023-06-01 11:19:16
96,brianhunt,Barry,Thomas,christinafreeman@example.org,2022-07-25 22:19:39
97,mitchellscott,Harold,Walls,thomastyler@example.net,2022-09-12 07:21:53
98,duanejames,Kimberly,Sparks,victoria63@example.org,2022-11-03 17:40:55
99,samanthakent,Stephen,Chang,warrensamantha@example.com,2023-07-02 14:40:17
100,ryan33,Nicole,Snow,emmamaldonado@example.org,2022-10-15 22:34:18
